<?xml version="1.0"?>
<vasp:MM7Config xmlns:vasp="http://mms.chinamobile.com/mm7ConfigSchema">
	<AuthenticationMode>0</AuthenticationMode>
	<UserName>zxme</UserName>
	<Password>zxme</Password>
	<MaxMessageSize>10000000</MaxMessageSize>
	<LogPath>c:\temp\</LogPath>
	<logLevel>6</logLevel>
	<Charset>GB2312</Charset>
<!--
	<mmscURL>/mm7</mmscURL>
	<mmscIP>127.0.0.1:55603</mmscIP>
-->
	<mmscURL>/spagent/mm7Receive</mmscURL>
	<mmscIP>sp.mms.wo.com.cn</mmscIP>

	<MmscID>910010</MmscID>
	<UseSSL>true</UseSSL>
	<ListenIP>127.0.0.1</ListenIP>
	<ListenPort>8080</ListenPort>
	<BackLog>50</BackLog>
	<TimeOut>90000</TimeOut>
	<ReSendCount>2</ReSendCount>
	<LogNum>100</LogNum>
	<LogInterval>120</LogInterval>
	<LogSize>1000</LogSize>
</vasp:MM7Config>
